979|Brunette
892|Tentacle
429|German Classic
579|Japanese Mom
975|Webcam (Recorded)
447|Gorgeous
746|Reverse Gangbang
188|Blowjob
261|Cleaner
482|Hazing
934|Voluptuous
528|Hairy Mature
338|DP
563|Lesbian In Homemade
732|Plump Teen (18/19)
267|Club
532|Hot Mom
766|Scottish
36|Ass-to-mouth
701|Pizza
336|Double Blowjob
801|Ruined Orgasm
366|Fake Tits
779|Shiny
581|Japanese Wife
663|Natural Boobs
978|Wife Swap
7|Amateur Milf
389|Fat Teen (18/19)
152|BDSM
229|Caning
145|Argentinian
356|European
853|Swallow Compilation
960|Japanese Mature
639|Nipples
75|DTD (DeepThroat Dick)
559|Lesbian Bondage
568|Lesbian Orgasm
194|Bondage
912|Ugly
740|Pussy DP
916|Uncut Dick
310|Cute
255|Chubby
265|Close Up
776|Shemale
421|Gangbang
156|Bedroom
836|Story
155|Beauty
737|Public Masturbation
743|POV Anal Sex
79|Greek
796|Quickie
446|Golden Shower
387|Fat Guy
417|Fur
952|Wrestling
576|Lipstick
40|Audition
631|Monster Cock
172|Bed Sex
828|Sport
287|Creampie In Gangbang
726|Park Sex
710|Pre-cum
703|Plumper
291|Cuban
893|Theater
83|Group Sex
71|Dirty Talk
814|Shemale Fucks Guy
837|Straight Guy
849|Submissive
655|Mature & Young (18-25)
326|Cum Twice
653|Masturbation Instruction
662|Muscled Girl
349|Egyptian
512|Instruction
233|Casting
458|German Mom
405|Footjob
398|Fitness
187|Blowbang
557|Lesbian Anal Sex
2|3some
617|Messy
838|Stranger
728|Pierced Nipples
923|Vacation
176|BBW Anal Sex
370|Fat
798|Rectal Exam
345|Ebony Amateur
831|Sri Lankan
329|Deepthroat Compilation
818|Softcore
465|Gangbang Teen (18/19)
736|POV (Point Of View)
596|Lesbian Squirt
144|Amputee
643|Nudist
521|Italian Amateur
127|Anal Creampie
718|Punishment
130|Anal Compilation
668|MILF In Solo
141|69
92|Juggs
262|Cleavage
273|Comic
707|Pornstar
211|Anal Pain
620|Military
750|Role-Play
830|Squirt
765|Scissoring
312|Dancing
367|Fantasy
235|Caught
761|Sandwich
305|Cum Swapping
756|Rubbing
822|Spandex
381|Double Fisting
222|Busty
241|Booty Shake
944|Wife Anal Sex
896|Titjob
544|Knockers
553|Leashed
929|Vietnamese
602|Massage
411|French Amateur
809|Silicone Tits
820|Sologirl
466|Gay Teen (18/19)
202|Breath Play
220|Bush
279|Cosplay
735|Poor Girl
649|Obese
802|Russian Mom
868|Tgirl
635|Music
792|Slim
283|Cowgirl
90|Jerking
667|Nipple Slip
570|Lesbian Seduce
938|Watching
762|Satin
110|Oral
126|Anal
885|Toon
360|Extreme Anal Sex
373|Femdom Handjob
285|Creampie
712|Pretty
464|Grandpa
208|Anal Gape
55|Bimbo
629|Mom Anal Sex
634|Muscled
47|Backstage
529|Hairy Pussy
365|Facial Compilation
501|Huge Tits
106|On Her Knees
317|Delivery Guy
192|Bodybuilder
422|Gaping Hole
380|Japanese In Public
245|Bubble Butt
724|Outdoor
385|Erotic Art
146|Balls
342|Dutch
282|Couple
866|Tease
705|Polish
877|Tied Up
799|Redhead Teen (18/19)
500|Huge Cock
623|Missionary
774|Share
793|Sloppy
371|Feet
69|Dildo
652|Maledom
754|Rough Anal Sex
516|Interview
733|Police
808|Shemale Big Cock
401|Flexible
17|Adultery
227|Cameltoe
65|Cheerleader
827|Spit
204|3D Monster
129|Anal Fuck
399|Flasher
468|German Teen (18/19)
415|Friend
173|Bend Over
777|Shemale Domination
640|Noisy
675|Oriental
575|Lingerie
221|Business Woman
474|Handcuffed
151|Bathroom
813|Shemale Fucks Girl
295|Cucumber
292|Cuckold
524|Jail
11|Amateur Wife
584|Job Interview
611|Mature Handjob
708|Portuguese
943|Wife
753|Rough
34|Assfingering
555|Legs
904|Transformation
605|Master
800|Repairman
16|Adorable
413|French Casting
142|9 Months Pregnant
588|Latina MILF
128|Anal Fisting
752|Romantic
197|Bottle
571|Lesbian Slave
721|Pussy To Mouth
72|Disco
511|Insertion
730|Pink Pussy
829|Spring Break
922|Urethra
139|10+ Inch Cock
186|Blooper
562|Lesbian Granny
970|Undressing
614|Medical
278|Corset
689|Persian
207|Anal DP
763|Sauna
322|Chubby Teen (18/19)
613|Mature Lesbian
946|Wife In Homemade
455|German Amateur
505|Husband
101|Malaysian
117|Ravage
164|Big Clit
805|Self Fuck
323|Creampie Eating
773|Sex Tape
344|Ebony
244|British Mature
905|Trib
921|Upskirt
621|Milk
503|Humiliation
160|Berlin
73|Doctor
907|Trimmed Pussy
481|Hawaiian
834|Stockings
647|Nylon
628|Mom
630|Money
479|Hard Fuck
346|Ebony Anal Sex
46|Backseat
690|Peruvian
276|Condom
531|Hentai Monster
573|Librarian
794|Smoking
362|Face Fucked
309|Curvy
941|Wet
402|Fondling
594|Lollipop
660|Monster Tits
882|Toilet
642|Nude
824|Spanked
195|Boots
899|Squirt Compilation
8|Amateur Interracial Sex
280|Costume
430|German Dirty Talk
131|Anal Casting
493|Homemade
216|Brutal
104|Old Man
633|Mud
622|Miniskirt
577|Lockerroom
109|Open Pussy
206|Anal Beads
645|Nurse
932|Virgin
294|Cuckold Humiliation
70|Dirty
320|Choking Play
471|Hair Pulling
727|PAWG
769|Seduce
396|First Time Lesbian
25|Amsterdam
928|Vibrator
270|College Girl
592|Live Cam (Recorded)
445|Gloves
719|Punk
358|Exotic
716|Prostate
163|Big Ass
87|Japanese Massage
150|Bathing
133|Animation
162|Bicycle
13|18 Year Old
778|Shemale In Solo
846|Stripping
520|Italian
76|Ebony BBW
357|Exhibitionist
355|Erotic
476|Handjob & Cumshot
497|Hot Pants
105|Oldy
886|Tourist
797|Real Orgasm
397|Fisting
209|Anal Orgasm
171|BBW Teen (18/19)
391|Female Orgasm
927|Venezuelan
561|Lesbian Feet Sex
306|Cumshot
610|Mature BBW
673|Mom POV
702|Plumber
331|Doll
33|Ass
219|Bus
20|Afro
651|Oiled
536|Italian MILF
687|Perfect
467|German BDSM
18|Aerobics
780|Shoe
410|French
851|Superhero
56|Birthday
523|Italian Vintage
22|Alien
135|Arabian
199|Boyfriend
855|Swinger
751|Romanian
693|Photoshoot
404|Foot Worship
68|Diaper
49|Ball Licking
884|Tongue
518|Irish
359|Extreme
676|Paddled
54|Bikini
494|Homemade Anal Sex
860|Tall
790|Slap
714|Prison
686|Pegging
852|Surprise
328|DAP (DP Anal)
969|Truth Or Dare
483|HD
974|VR (Device Needed)
949|Window
759|Russian Mature
682|Parody
77|Ebony MILF
637|Naughty
608|Mature Amateur
791|Slave
39|Asslick
835|Store
607|Mature
154|Bear
898|Trailer Girl
41|Australian
490|Hogtied
914|Ukrainian
540|Granny Interracial Sex
300|Cum Eating
181|Black & Japanese
99|Lucky
350|Electrified
377|Fighting
394|Femdom POV
437|German Swinger
566|Lesbian Massage
502|Huge Toy
159|Belly
263|Clinic
627|Model
433|German In Gangbang
254|Chinese
169|BBC (Big Black Cock)
784|Shorts
696|Pigtail
107|On Top
393|Filipina/Filipino
258|Cinema
414|French In Gangbang
713|Princess
806|Self Suck
781|Shoejob
961|Machine Fucking
230|Car
951|Worship
198|Bound
348|Ebony Shemale
744|POV Blowjob
695|Piercing
940|Weird
890|Swimsuit
815|Shemale Fucks Shemale
942|Whip
976|Wedding
859|Talk
677|Pain
441|Girdle
681|Pantyhose
316|Deepthroat
742|Pussy Stretching
89|Jerk Off Encouragement
755|Rubber
372|Female Ejaculation
444|Gloryhole
484|Hentai
546|Labia
775|Shaving
715|Prolapse
408|Foursome
45|Backroom
522|Italian Anal Sex
795|Smoking Fetish
361|Extreme Gangbang
973|VIP Room
19|African
400|Flat Chested
480|Hardcore
850|Sunbathing
889|Swedish
225|Cage
243|Brazilian
95|Kamasutra
119|Redhead
116|Raunchy
564|Lesbian In Threesome
616|Melons
236|Celebrity
626|Moaning
14|3D
125|Anal Dildo
691|Perverted
548|Lactating
648|Nympho
48|Balcony
664|Natural Pussy
376|FFM
603|Masseuse
451|French Mature
913|UK
583|Jewish
425|Gay & Straight
486|High Heels
527|Japanese Femdom
747|Rich
498|Hotel
138|Artistic
37|Assfucking
203|Bride
212|Anal Toying
303|Cum Inside
201|Brazilian Lesbian
632|Motel
545|Korean
848|Student
895|Tiny Tits
293|Cuckold Bisexual
785|Shower
600|Lesbian Teen (18/19)
888|Stupid Girl
864|Taxi
351|Elevator
93|Juicy
506|Husband Watches Wife
485|Hermaphrodite
114|PVC
510|Innocent
177|BBW In Gangbang
807|Share Wife
179|Black
252|CBT (Cock Ball Torture)
224|Buttplug
826|Sperm
924|Vagina
324|Cum In Mouth
586|Lap Dancing
250|Catfight
327|Czech In Public
242|Bra
550|Ladyboy
654|Masturbation Solo
911|Twink
955|Big Pussy
302|Cum In Pussy
873|Threesome
843|Strap-on Shemale
427|German Anal Sex
803|Russian Teen (18/19)
891|Teen (18/19)
711|Pregnant
567|Lesbian Mom
768|Secretary
757|Russian
24|American
556|Lesbian
50|Ballerina
239|Blond Teen (18/19)
347|Ebony Lesbian
337|Downblouse
964|Spreading
636|Nature
939|Watersport
15|Acrobatic
589|Latina Teen (18/19)
423|Garter Belts
313|Danish
247|Busty Asian
601|Mask
1|Amateur
432|German Handjob
966|Transsexual
709|Posing
962|Oral Creampie
871|Thin
519|Israeli
237|Black Cock
900|Teen Anal Sex (18/19)
297|Cum Covered
508|Indian
27|Asian
539|Japanese Big Tits
771|Sensual
609|Mature Anal Sex
32|Asian Massage
847|Stroking
296|Cum
375|Fetish
499|Housewife
783|Short Hair
825|Speculum
619|Midget
972|Vaginal Cumshot
840|Strap-on Femdom
426|German
554|Leather
368|Farm
124|Snowballing
281|Cougar
51|Big Tits
460|Girl Fucks Guy
591|Lifeguard
535|Italian Mature
38|Assjob
804|Self Facial
132|Angry
541|Kinky
917|Underwater
683|Party
439|German Vintage
879|Titless
657|Mega Tits
858|Taiwanese
153|Beach
587|Latina
700|Pissing
823|Spanish
839|Strap-on
547|Lace
409|Freckled
112|Orgasm Compilation
21|Aged
118|Reality
35|Ass Worship
108|Oops
200|Braces
489|Hitch Hiker
595|Lesbian BBW
646|Nuru Massage
844|Street
286|Creampie Compilation
599|Lesbian Orgy
299|Cum Drinking
184|Blindfolded
590|Lezdom
817|Sofa Sex
428|German Casting
738|Public Sex
205|Amateur Teen (18/19)
170|BBW
722|Pussylips
863|Tattoo
597|Lesbian BDSM
304|Cum Swallowing
688|Perfect Body
720|Pussy Licking
906|Tricked
509|Indonesian
268|Coed
919|Uniform
717|Public
96|Long Legged
948|Wife Interracial Sex
288|Croatian
593|Loads Of Cum
872|Thong
232|Cash
692|Phone
353|Enema
956|Cheating Wife
767|Screaming
560|Lesbian Face Sitting
321|Chubby Amateur
98|Lovers
549|Lady
739|Puffy Nipples
671|MILF Anal Sex
28|Asian Anal Sex
741|Pussy Eating
449|Granny
902|Trampling
231|Cartoon
745|Reverse Cowgirl
420|Game
180|Black & Asian
551|Latex
53|Biker
514|Interracial Anal Sex
91|Jock
661|Mouthful
264|Clit
29|Asian Femdom
925|Vampire
80|Grinding
392|Femdom
424|Gay
191|Boat
111|Orgasm
582|JAV (Japan Adult Video)
604|Massive Tits
870|Thick
819|Solo
454|Gay Black Male
284|Crazy
238|Black Teen (18/19)
61|Chained
240|Body Painting
880|Titty Fuck
935|Voyeur
558|Lesbian Asslick
507|Ibiza
102|Mardi Gras
910|Twerk
704|Poker
644|Nun
418|Futanari
918|Underwear
81|Groping
585|JOI (Jerk Off Instr.)
5|Amateur Blowjob
694|Pick Up
665|Natural Tits
134|Anime
473|Hairy Lesbian
228|Canadian
259|Classic
833|Stewardess
854|Swimming
251|Caught Masturbating
66|Desi
666|Neighbor
811|Small Cock
453|Gagged (Bit Or Ball)
290|Crotchless Panties
725|Own Cum
971|Vacuum
537|Italian Mom
115|Queen
933|Virtual
875|Throat Fucked
475|Handjob
887|Toys
315|Dating
60|CFNM
669|Old & Young (18-25)
862|Tanned
364|Facial
470|Gynecologist
271|College Party
308|Curly Haired
680|Panties
340|Dressing Room
789|Skirt
478|Happy Ending
246|Busty Amateur
332|Domination
953|Yacht
770|See Through
452|Friend's Mom
406|Foreplay
165|Big Cock
253|CEI (Cum Eating Instr.)
84|Gym
214|Asian Milf
926|Van
440|Ghetto
580|Japanese Teacher
196|Boss
289|Crossdressing
122|Revenge
656|Mature Teacher
256|Chubby Anal Sex
436|German Pissing
42|Austrian
908|Tugjob
462|Girlfriend
374|Feminization
678|Pakistani
504|Hungarian
883|Tokyo
947|Wife In Threesome
869|Thai
140|19 Year Old
103|Married
565|Lesbian Interracial Sex
319|Dentist
31|Asian Lesbian
650|Office
63|Chastity Belt
842|Strap-on Lesbian
495|Homemade Threesome
832|SSBBW
448|Goth
341|Dungeon
684|Passionate
431|German Femdom
74|Double Toying
638|Nerdy
477|Handjob Compilation
113|Orgy
572|Lesbian Teacher
85|Home
954|Yoga
821|Sorority
492|Homeless
706|Pool
6|Amateur In Gangbang
44|Babysitter
782|Shop
307|Cumshot Compilation
612|Mature In Solo
257|Chunky
274|Competition
764|School Uniform
903|Tranny
419|Gagging
748|Riding
333|Dominatrix
442|Glamour
182|Black Butt
82|Group Orgy
936|Waitress
416|Funny
472|Hairy
64|Cheating
624|Mistress
641|Norwegian
977|Wet T-shirt
58|Bitch
185|Blonde
786|Shy
120|Restaurant
574|Lick
772|Serbian
223|Buttfucking
945|Wife In Gangbang
178|BBW In Threesome
383|Double Penetration
343|Dyke
167|Ball Busting
218|Bulgarian
403|Foot Fetish
136|Armpit
857|Swollen Pussy
606|Masturbating
457|German Mature
980|Young (18-25)
30|Asian Interracial Sex
168|Ball Kicking
386|Extreme Deepthroat
930|Vintage
729|Pierced Pussy
698|Pinay
434|German In Homemade
965|Tranny (Post Op)
363|Face Sitting
175|Big Nipples
369|Farting
301|Cum In Mouth Compil.
598|Lesbian MILF
269|Collar
787|Skank
530|Hairy Teen (18/19)
534|Indian Wife
469|Gymnast
758|Russian Anal Sex
491|Holiday
395|First Time
569|Lesbian Pissing
382|Double Fucking
731|Pissed On
552|Laughing
334|Dominican
226|Calendar
210|Anal Squirt
876|Tickling
699|Piss Drinking
121|Retro
816|Socks
959|Gyno Exam
861|Tan Lines
147|Banana
670|Mature In Gangbang
810|Sissy
658|Messy Facials
515|Interracial Gangbang
788|Skinny
517|Iranian
937|Wanking
86|Japanese Lesbian
487|Hippy
217|Bukkake
213|Army
685|Peeing
463|Grandma
845|Stripper
354|English
378|Fingering
456|German BBW
137|Art
867|Tennis
526|Japanese Anal Sex
215|British
659|MILF
43|Babe
679|Pale
672|Mom Handjob
325|Cum On Tits
12|Anal Dilation
723|Old Farts
9|Amateur Lesbian
78|Ebony Teen (18/19)
496|Hospital
438|German Threesome
88|Jeans
57|Bisexual
190|Blowjob & Cumshot
931|Vintage Anal Sex
525|Japanese
435|German Lesbian
314|Dare
100|Maid
412|French Anal Sex
538|Jacuzzi
513|Interracial
249|Busty Teen (18/19)
488|Hirsute
578|Long Hair
697|Pillow
874|Throat
615|Medieval
298|Cum Drenched
94|Jungle
52|Big Tits Anal Sex
266|Clothed Sex
149|Barebacking
909|Turkish
950|Workout
161|Beurette
915|Uncensored
148|Bar
967|Transvestite
193|Bodystocking
958|First Time Anal
878|Tight Pussy
963|Pussypump
760|Saggy Tits
166|Big Natural Tits
901|Teen POV (18/19)
407|Forest
812|Small Tits
461|Girl Nextdoor
3|4some
260|Classy
897|Torture (BDSM)
248|Busty MILF
158|Belgian
443|Glasses
450|Flogger Whip
865|Teacher
533|Huge Dildo
123|Sniffing Panties
339|Dress
384|Double Pussy
23|Alluring
183|Black Girl
277|Contest
275|Compilation
749|Rimjob
920|Unshaved
674|MILF POV
881|Toes
157|Behind The Scenes
388|Fat Mature
379|Finnish
968|Triple Penetration
625|MMF
330|Doggystyle
272|Colombian
894|Tiny Dick
10|Amateur Threesome
318|Denial
26|Airplane
143|All Holes
335|Dorm
542|Kissing
543|Kitchen
62|Changing Room
734|Ponyplay
459|GILF
97|Long Nails
957|Double Anal
174|Best Friend
59|Bizarre
618|Mexican
189|Blowjob & Cum
390|FBB (Female Bodybuilder)
67|Desperate
856|Swiss
352|Emo
311|Czech
841|Strap-on Guy
234|Catsuit
4|Amateur Anal Sex
